{
  "hash": "5496a709",
  "configHash": "057776d7",
  "lockfileHash": "50cbfed7",
  "browserHash": "24c496a0",
  "optimized": {
    "@angular/core": {
      "src": "../../../../../node_modules/@angular/core/fesm2022/core.mjs",
      "file": "@angular_core.js",
      "fileHash": "422f0b2a",
      "needsInterop": false
    },
    "@angular/platform-browser": {
      "src": "../../../../../node_modules/@angular/platform-browser/fesm2022/platform-browser.mjs",
      "file": "@angular_platform-browser.js",
      "fileHash": "8b32ac19",
      "needsInterop": false
    },
    "@angular/router": {
      "src": "../../../../../node_modules/@angular/router/fesm2022/router.mjs",
      "file": "@angular_router.js",
      "fileHash": "686ab737",
      "needsInterop": false
    },
    "@angular/forms": {
      "src": "../../../../../node_modules/@angular/forms/fesm2022/forms.mjs",
      "file": "@angular_forms.js",
      "fileHash": "5f240304",
      "needsInterop": false
    }
  },
  "chunks": {
    "chunk-2VZSDCQH": {
      "file": "chunk-2VZSDCQH.js"
    },
    "chunk-5YHCYNRG": {
      "file": "chunk-5YHCYNRG.js"
    },
    "chunk-LVUFFOQ3": {
      "file": "chunk-LVUFFOQ3.js"
    }
  }
}